Abastecimento,AbastecimentoId,uniqueidentifier,NULL,NO,(newid())
Abastecimento,VeiculoId,uniqueidentifier,NULL,NO,NULL
Abastecimento,CombustivelId,uniqueidentifier,NULL,NO,NULL
Abastecimento,MotoristaId,uniqueidentifier,NULL,NO,NULL
Abastecimento,Litros,float,NULL,NO,NULL
Abastecimento,ValorUnitario,float,NULL,NO,NULL
Abastecimento,DataHora,datetime,NULL,NO,NULL
Abastecimento,KmRodado,int,NULL,NO,NULL
Abastecimento,Hodometro,int,NULL,NO,NULL
Abastecimento,AutorizacaoQCard,int,NULL,YES,((0))
Abastecimento,KmRodadoNormalizado,int,NULL,YES,NULL
Abastecimento,LitrosNormalizado,float,NULL,YES,NULL
Abastecimento,ConsumoCalculado,decimal,NULL,YES,NULL
Abastecimento,ConsumoNormalizado,decimal,NULL,YES,NULL
Abastecimento,EhOutlier,bit,NULL,YES,((0))
AbastecimentoPendente,AbastecimentoPendenteId,uniqueidentifier,NULL,NO,NULL
AbastecimentoPendente,AutorizacaoQCard,int,NULL,YES,NULL
AbastecimentoPendente,Placa,nvarchar,20,YES,NULL
AbastecimentoPendente,CodMotorista,int,NULL,YES,NULL
AbastecimentoPendente,NomeMotorista,nvarchar,200,YES,NULL
AbastecimentoPendente,Produto,nvarchar,100,YES,NULL
AbastecimentoPendente,DataHora,datetime2,NULL,YES,NULL
AbastecimentoPendente,KmAnterior,int,NULL,YES,NULL
AbastecimentoPendente,Km,int,NULL,YES,NULL
AbastecimentoPendente,KmRodado,int,NULL,YES,NULL
AbastecimentoPendente,Litros,float,NULL,YES,NULL
AbastecimentoPendente,ValorUnitario,float,NULL,YES,NULL
AbastecimentoPendente,VeiculoId,uniqueidentifier,NULL,YES,NULL
AbastecimentoPendente,MotoristaId,uniqueidentifier,NULL,YES,NULL
AbastecimentoPendente,CombustivelId,uniqueidentifier,NULL,YES,NULL
AbastecimentoPendente,DescricaoPendencia,nvarchar,2000,YES,NULL
AbastecimentoPendente,TipoPendencia,nvarchar,50,YES,NULL
AbastecimentoPendente,TemSugestao,bit,NULL,NO,((0))
AbastecimentoPendente,CampoCorrecao,nvarchar,20,YES,NULL
AbastecimentoPendente,ValorAtualErrado,int,NULL,YES,NULL
AbastecimentoPendente,ValorSugerido,int,NULL,YES,NULL
AbastecimentoPendente,JustificativaSugestao,nvarchar,500,YES,NULL
AbastecimentoPendente,MediaConsumoVeiculo,float,NULL,YES,NULL
AbastecimentoPendente,DataImportacao,datetime2,NULL,NO,NULL
AbastecimentoPendente,NumeroLinhaOriginal,int,NULL,NO,((0))
AbastecimentoPendente,ArquivoOrigem,nvarchar,255,YES,NULL
AbastecimentoPendente,Status,int,NULL,NO,((0))
AlertasFrotiX,AlertasFrotiXId,uniqueidentifier,NULL,NO,(newid())
AlertasFrotiX,Titulo,nvarchar,200,NO,NULL
AlertasFrotiX,Descricao,nvarchar,1000,NO,NULL
AlertasFrotiX,TipoAlerta,int,NULL,NO,NULL
AlertasFrotiX,Prioridade,int,NULL,NO,NULL
AlertasFrotiX,DataInsercao,datetime2,NULL,NO,(getdate())
AlertasFrotiX,DataExibicao,datetime2,NULL,YES,NULL
AlertasFrotiX,DataExpiracao,datetime2,NULL,YES,NULL
AlertasFrotiX,ViagemId,uniqueidentifier,NULL,YES,NULL
AlertasFrotiX,ManutencaoId,uniqueidentifier,NULL,YES,NULL
AlertasFrotiX,MotoristaId,uniqueidentifier,NULL,YES,NULL
AlertasFrotiX,VeiculoId,uniqueidentifier,NULL,YES,NULL
AlertasFrotiX,TipoExibicao,int,NULL,NO,NULL
AlertasFrotiX,HorarioExibicao,time,NULL,YES,NULL
AlertasFrotiX,UsuarioCriadorId,nvarchar,450,NO,NULL
AlertasFrotiX,Ativo,bit,NULL,NO,((1))
AlertasFrotiX,DataDesativacao,datetime,NULL,YES,NULL
AlertasFrotiX,DesativadoPor,varchar,100,YES,('')
AlertasFrotiX,MotivoDesativacao,varchar,500,YES,('')
AlertasFrotiX,Recorrente,char,1,YES,('N')
AlertasFrotiX,Intervalo,char,1,YES,NULL
AlertasFrotiX,Monday,bit,NULL,YES,((0))
AlertasFrotiX,Tuesday,bit,NULL,YES,((0))
AlertasFrotiX,Wednesday,bit,NULL,YES,((0))
AlertasFrotiX,Thursday,bit,NULL,YES,((0))
AlertasFrotiX,Friday,bit,NULL,YES,((0))
AlertasFrotiX,Saturday,bit,NULL,YES,((0))
AlertasFrotiX,Sunday,bit,NULL,YES,((0))
AlertasFrotiX,DiaMesRecorrencia,int,NULL,YES,((0))
AlertasFrotiX,DataFinalRecorrencia,datetime2,NULL,YES,NULL
AlertasFrotiX,DatasSelecionadas,nvarchar,-1,YES,('')
AlertasFrotiX,RecorrenciaAlertaId,uniqueidentifier,NULL,YES,NULL
AlertasFrotiX,DiasSemana,varchar,500,YES,('')
AlertasUsuario,AlertasUsuarioId,uniqueidentifier,NULL,NO,(newid())
AlertasUsuario,AlertasFrotiXId,uniqueidentifier,NULL,NO,NULL
AlertasUsuario,UsuarioId,nvarchar,450,NO,NULL
AlertasUsuario,Lido,bit,NULL,NO,((0))
AlertasUsuario,DataLeitura,datetime2,NULL,YES,NULL
AlertasUsuario,Notificado,bit,NULL,NO,((0))
AlertasUsuario,Apagado,bit,NULL,YES,((0))
AlertasUsuario,DataApagado,datetime,NULL,YES,NULL
AlertasUsuario,DataNotificacao,datetime,NULL,YES,NULL
AspNetRoleClaims,Id,int,NULL,NO,NULL
AspNetRoleClaims,RoleId,nvarchar,450,NO,NULL
AspNetRoleClaims,ClaimType,nvarchar,-1,YES,NULL
AspNetRoleClaims,ClaimValue,nvarchar,-1,YES,NULL
AspNetRoles,Id,nvarchar,450,NO,NULL
AspNetRoles,Name,nvarchar,256,YES,NULL
AspNetRoles,NormalizedName,nvarchar,256,YES,NULL
AspNetRoles,ConcurrencyStamp,nvarchar,-1,YES,NULL
AspNetUserClaims,Id,int,NULL,NO,NULL
AspNetUserClaims,UserId,nvarchar,450,NO,NULL
AspNetUserClaims,ClaimType,nvarchar,-1,YES,NULL
AspNetUserClaims,ClaimValue,nvarchar,-1,YES,NULL
AspNetUserLogins,LoginProvider,nvarchar,450,NO,NULL
AspNetUserLogins,ProviderKey,nvarchar,450,NO,NULL
AspNetUserLogins,ProviderDisplayName,nvarchar,-1,YES,NULL
AspNetUserLogins,UserId,nvarchar,450,NO,NULL
AspNetUserRoles,UserId,nvarchar,450,NO,NULL
AspNetUserRoles,RoleId,nvarchar,450,NO,NULL
AspNetUsers,Id,nvarchar,450,NO,NULL
AspNetUsers,UserName,nvarchar,256,YES,NULL
AspNetUsers,NormalizedUserName,nvarchar,256,YES,NULL
AspNetUsers,Email,nvarchar,256,YES,NULL
AspNetUsers,NormalizedEmail,nvarchar,256,YES,NULL
AspNetUsers,EmailConfirmed,bit,NULL,YES,NULL
AspNetUsers,PasswordHash,nvarchar,-1,YES,NULL
AspNetUsers,SecurityStamp,nvarchar,-1,YES,NULL
AspNetUsers,ConcurrencyStamp,nvarchar,-1,YES,NULL
AspNetUsers,PhoneNumber,nvarchar,-1,YES,NULL
AspNetUsers,PhoneNumberConfirmed,bit,NULL,YES,NULL
AspNetUsers,TwoFactorEnabled,bit,NULL,YES,NULL
AspNetUsers,LockoutEnd,datetimeoffset,NULL,YES,NULL
AspNetUsers,LockoutEnabled,bit,NULL,YES,NULL
AspNetUsers,AccessFailedCount,int,NULL,YES,NULL
AspNetUsers,Discriminator,nvarchar,-1,YES,NULL
AspNetUsers,NomeCompleto,nvarchar,-1,YES,NULL
AspNetUsers,Ponto,nvarchar,-1,YES,NULL
AspNetUsers,PrecisaMudarSenha,bit,NULL,YES,NULL
AspNetUsers,Ramal,int,NULL,YES,NULL
AspNetUsers,Status,bit,NULL,YES,((1))
AspNetUsers,Foto,varbinary,-1,YES,NULL
AspNetUsers,Criacao,datetime,NULL,YES,NULL
AspNetUsers,UltimoLogin,datetime,NULL,YES,NULL
AspNetUsers,DetentorCargaPatrimonial,bit,NULL,YES,NULL
AspNetUsers,UsuarioIdAlteracao,varchar,150,YES,NULL
AspNetUsers,Vistoriador,bit,NULL,YES,((1))
AspNetUserTokens,UserId,nvarchar,450,NO,NULL
AspNetUserTokens,LoginProvider,nvarchar,450,NO,NULL
AspNetUserTokens,Name,nvarchar,450,NO,NULL
AspNetUserTokens,Value,nvarchar,-1,YES,NULL
AtaRegistroPrecos,AtaId,uniqueidentifier,NULL,NO,(newid())
AtaRegistroPrecos,NumeroAta,varchar,50,YES,NULL
AtaRegistroPrecos,AnoAta,varchar,50,YES,NULL
AtaRegistroPrecos,AnoProcesso,int,NULL,YES,NULL
AtaRegistroPrecos,NumeroProcesso,varchar,50,YES,NULL
AtaRegistroPrecos,Objeto,varchar,-1,YES,NULL
AtaRegistroPrecos,Valor,float,NULL,YES,NULL
AtaRegistroPrecos,DataInicio,date,NULL,YES,NULL
AtaRegistroPrecos,DataFim,date,NULL,YES,NULL
AtaRegistroPrecos,FornecedorId,uniqueidentifier,NULL,YES,NULL
AtaRegistroPrecos,Status,bit,NULL,YES,((1))
AtaRegistroPrecos,UsuarioIdAlteracao,nvarchar,100,YES,NULL
AtaRegistroPrecos,DataAlteracao,datetime,NULL,YES,NULL
Combustivel,CombustivelId,uniqueidentifier,NULL,NO,(newid())
Combustivel,Descricao,varchar,50,NO,NULL
Combustivel,Status,bit,NULL,YES,((1))
CondutorApoio,CondutorId,uniqueidentifier,NULL,NO,(newid())
CondutorApoio,Descricao,varchar,50,YES,NULL
CondutorApoio,Status,bit,NULL,YES,NULL
Contatos,ContatoId,uniqueidentifier,NULL,NO,NULL
Contatos,Nome,nvarchar,200,NO,NULL
Contatos,Celular,nvarchar,20,YES,NULL
Contatos,Telefone,nvarchar,20,YES,NULL
Contatos,Email,nvarchar,200,YES,NULL
Contatos,Cargo,nvarchar,100,YES,NULL
Contatos,Departamento,nvarchar,100,YES,NULL
Contatos,Ativo,bit,NULL,NO,((1))
Contatos,DataCadastro,datetime,NULL,NO,(getdate())
Contatos,DataAtualizacao,datetime,NULL,YES,NULL
Contatos,Observacoes,nvarchar,500,YES,NULL
Contatos,RecebeWhatsApp,bit,NULL,NO,((1))
Contatos,OptOutWhatsApp,bit,NULL,NO,((0))
Contrato,ContratoId,uniqueidentifier,NULL,NO,(newid())
Contrato,NumeroContrato,varchar,10,YES,NULL
Contrato,AnoContrato,varchar,10,YES,NULL
Contrato,Vigencia,int,NULL,YES,NULL
Contrato,Prorrogacao,int,NULL,YES,NULL
Contrato,AnoProcesso,int,NULL,YES,NULL
Contrato,NumeroProcesso,varchar,50,YES,NULL
Contrato,Objeto,varchar,-1,YES,NULL
Contrato,Valor,float,NULL,YES,NULL
Contrato,TipoContrato,varchar,50,YES,NULL
Contrato,DataInicio,date,NULL,YES,NULL
Contrato,DataFim,date,NULL,YES,NULL
Contrato,ContratoOperadores,bit,NULL,YES,((0))
Contrato,ContratoMotoristas,bit,NULL,YES,((0))
Contrato,ContratoLavadores,bit,NULL,YES,((0))
Contrato,FornecedorId,uniqueidentifier,NULL,YES,NULL
Contrato,Status,bit,NULL,YES,((1))
Contrato,UsuarioIdAlteracao,nvarchar,100,YES,NULL
Contrato,DataAlteracao,datetime,NULL,YES,NULL
Contrato,CustoMensalOperador,float,NULL,YES,NULL
Contrato,CustoMensalMotorista,float,NULL,YES,NULL
Contrato,CustoMensalLavador,float,NULL,YES,NULL
Contrato,QuantidadeOperador,int,NULL,YES,NULL
Contrato,QuantidadeMotorista,int,NULL,YES,NULL
Contrato,QuantidadeLavador,int,NULL,YES,NULL
Contrato,CustoMensalEncarregado,float,NULL,YES,NULL
Contrato,QuantidadeEncarregado,int,NULL,YES,NULL
Contrato,ContratoEncarregados,bit,NULL,YES,NULL
Contrato,DataRepactuacao,date,NULL,YES,NULL
ControleAcesso,UsuarioId,nvarchar,450,NO,NULL
ControleAcesso,RecursoId,uniqueidentifier,NULL,NO,NULL
ControleAcesso,Acesso,bit,NULL,NO,((1))
CorridasCanceladasTaxiLeg,CorridaCanceladaId,uniqueidentifier,NULL,NO,(newid())
CorridasCanceladasTaxiLeg,Origem,varchar,100,YES,NULL
CorridasCanceladasTaxiLeg,Setor,varchar,500,YES,NULL
CorridasCanceladasTaxiLeg,SetorExtra,varchar,500,YES,NULL
CorridasCanceladasTaxiLeg,Unidade,varchar,500,YES,NULL
CorridasCanceladasTaxiLeg,UnidadeExtra,varchar,500,YES,NULL
CorridasCanceladasTaxiLeg,QtdPassageiros,int,NULL,YES,NULL
CorridasCanceladasTaxiLeg,MotivoUso,varchar,500,YES,NULL
CorridasCanceladasTaxiLeg,DataAgenda,datetime,NULL,YES,NULL
CorridasCanceladasTaxiLeg,HoraAgenda,varchar,5,YES,NULL
CorridasCanceladasTaxiLeg,DataHoraCancelamento,datetime,NULL,YES,NULL
CorridasCanceladasTaxiLeg,HoraCancelamento,varchar,5,YES,NULL
CorridasCanceladasTaxiLeg,TipoCancelamento,varchar,500,YES,NULL
CorridasCanceladasTaxiLeg,MotivoCancelamento,varchar,500,YES,NULL
CorridasCanceladasTaxiLeg,TempoEspera,int,NULL,YES,NULL
CorridasTaxiLeg,CorridaId,uniqueidentifier,NULL,NO,(newid())
CorridasTaxiLeg,QRU,int,NULL,YES,NULL
CorridasTaxiLeg,Origem,varchar,200,YES,NULL
CorridasTaxiLeg,Setor,varchar,200,YES,NULL
CorridasTaxiLeg,DescSetor,varchar,300,YES,NULL
CorridasTaxiLeg,Unidade,varchar,200,YES,NULL
CorridasTaxiLeg,DescUnidade,varchar,200,YES,NULL
CorridasTaxiLeg,QtdPassageiros,int,NULL,YES,NULL
CorridasTaxiLeg,MotivoUso,varchar,200,YES,NULL
CorridasTaxiLeg,DataAgenda,date,NULL,YES,NULL
CorridasTaxiLeg,HoraAgenda,varchar,5,YES,NULL
CorridasTaxiLeg,HoraAceite,varchar,5,YES,NULL
CorridasTaxiLeg,HoraLocal,varchar,5,YES,NULL
CorridasTaxiLeg,HoraInicio,varchar,5,YES,NULL
CorridasTaxiLeg,HoraFinal,varchar,5,YES,NULL
CorridasTaxiLeg,DataFinal,date,NULL,YES,NULL
CorridasTaxiLeg,KmReal,float,NULL,YES,NULL
CorridasTaxiLeg,Valor,float,NULL,YES,NULL
CorridasTaxiLeg,QtdEstrelas,int,NULL,YES,NULL
CorridasTaxiLeg,Avaliacao,varchar,50,YES,NULL
CorridasTaxiLeg,Duracao,int,NULL,YES,NULL
CorridasTaxiLeg,Espera,int,NULL,YES,NULL
CorridasTaxiLeg,OrigemCorrida,varchar,150,YES,NULL
CorridasTaxiLeg,DestinoCorrida,varchar,150,YES,NULL
CorridasTaxiLeg,Glosa,bit,NULL,YES,NULL
CorridasTaxiLeg,ValorGlosa,float,NULL,YES,NULL
CustoMensalItensContrato,NotaFiscalId,uniqueidentifier,NULL,NO,NULL
CustoMensalItensContrato,Ano,int,NULL,NO,NULL
CustoMensalItensContrato,Mes,int,NULL,NO,NULL
CustoMensalItensContrato,CustoMensalOperador,float,NULL,YES,NULL
CustoMensalItensContrato,CustoMensalMotorista,float,NULL,YES,NULL
CustoMensalItensContrato,CustoMensalLavador,float,NULL,YES,NULL
DocumentoContrato,DocumentoContratoId,uniqueidentifier,NULL,NO,(newid())
DocumentoContrato,TipoDocumento,varchar,50,YES,NULL
DocumentoContrato,Descricao,varchar,150,YES,NULL
DocumentoContrato,DocumentoPDF,varbinary,-1,YES,NULL
DocumentoContrato,ContratoId,uniqueidentifier,NULL,NO,NULL
Empenho,EmpenhoId,uniqueidentifier,NULL,NO,(newid())
Empenho,NotaEmpenho,varchar,12,NO,NULL
Empenho,DataEmissao,date,NULL,NO,NULL
Empenho,AnoVigencia,int,NULL,NO,NULL
Empenho,SaldoInicial,float,NULL,NO,NULL
Empenho,SaldoFinal,float,NULL,NO,NULL
Empenho,ContratoId,uniqueidentifier,NULL,YES,NULL
Empenho,AtaId,uniqueidentifier,NULL,YES,NULL
Empenho,VigenciaInicial,date,NULL,YES,NULL
Empenho,VigenciaFinal,date,NULL,YES,NULL
EmpenhoMulta,EmpenhoMultaId,uniqueidentifier,NULL,NO,(newid())
EmpenhoMulta,NotaEmpenho,varchar,50,NO,NULL
EmpenhoMulta,AnoVigencia,int,NULL,YES,NULL
EmpenhoMulta,SaldoInicial,float,NULL,YES,NULL
EmpenhoMulta,SaldoAtual,float,NULL,YES,NULL
EmpenhoMulta,OrgaoAutuanteId,uniqueidentifier,NULL,YES,NULL
EmpenhoMulta,Status,bit,NULL,YES,NULL
Encarregado,EncarregadoId,uniqueidentifier,NULL,NO,(newid())
Encarregado,Nome,nvarchar,100,NO,NULL
Encarregado,Ponto,nvarchar,20,NO,NULL
Encarregado,DataNascimento,datetime2,NULL,NO,NULL
Encarregado,CPF,nvarchar,20,NO,NULL
Encarregado,Celular01,nvarchar,50,NO,NULL
Encarregado,Celular02,nvarchar,50,YES,NULL
Encarregado,DataIngresso,datetime2,NULL,YES,NULL
Encarregado,Foto,varbinary,-1,YES,NULL
Encarregado,Status,bit,NULL,NO,((1))
Encarregado,DataAlteracao,datetime2,NULL,YES,NULL
Encarregado,UsuarioIdAlteracao,nvarchar,450,YES,NULL
Encarregado,ContratoId,uniqueidentifier,NULL,NO,NULL
EncarregadoContrato,EncarregadoId,uniqueidentifier,NULL,NO,NULL
EncarregadoContrato,ContratoId,uniqueidentifier,NULL,NO,NULL
Evento,EventoId,uniqueidentifier,NULL,NO,(newid())
Evento,Nome,varchar,200,YES,NULL
Evento,Descricao,varchar,-1,YES,NULL
Evento,QtdParticipantes,int,NULL,NO,NULL
Evento,DataInicial,datetime,NULL,YES,NULL
Evento,DataFinal,datetime,NULL,YES,NULL
Evento,SetorSolicitanteId,uniqueidentifier,NULL,NO,NULL
Evento,RequisitanteId,uniqueidentifier,NULL,NO,NULL
Evento,Status,varchar,1,YES,NULL
Fornecedor,FornecedorId,uniqueidentifier,NULL,NO,(newid())
Fornecedor,DescricaoFornecedor,varchar,100,YES,NULL
Fornecedor,CNPJ,varchar,50,YES,NULL
Fornecedor,Endereco,varchar,150,YES,NULL
Fornecedor,Contato01,varchar,100,YES,NULL
Fornecedor,Telefone01,varchar,50,YES,NULL
Fornecedor,Contato02,varchar,100,YES,NULL
Fornecedor,Telefone02,varchar,50,YES,NULL
Fornecedor,Status,bit,NULL,YES,NULL
ItemVeiculoAta,ItemVeiculoAtaId,uniqueidentifier,NULL,NO,(newid())
ItemVeiculoAta,NumItem,int,NULL,YES,NULL
ItemVeiculoAta,Descricao,varchar,100,YES,NULL
ItemVeiculoAta,Quantidade,int,NULL,YES,NULL
ItemVeiculoAta,ValorUnitario,float,NULL,YES,NULL
ItemVeiculoAta,RepactuacaoAtaId,uniqueidentifier,NULL,YES,NULL
ItemVeiculoContrato,ItemVeiculoId,uniqueidentifier,NULL,NO,(newid())
ItemVeiculoContrato,NumItem,int,NULL,YES,NULL
ItemVeiculoContrato,Descricao,varchar,100,YES,NULL
ItemVeiculoContrato,Quantidade,int,NULL,YES,NULL
ItemVeiculoContrato,ValorUnitario,float,NULL,YES,NULL
ItemVeiculoContrato,RepactuacaoContratoId,uniqueidentifier,NULL,YES,NULL
ItensManutencao,ItemManutencaoId,uniqueidentifier,NULL,NO,(newid())
ItensManutencao,ManutencaoId,uniqueidentifier,NULL,NO,NULL
ItensManutencao,TipoItem,varchar,100,YES,NULL
ItensManutencao,NumFicha,varchar,50,YES,NULL
ItensManutencao,DataItem,datetime,NULL,YES,NULL
ItensManutencao,Resumo,varchar,-1,YES,NULL
ItensManutencao,Descricao,varchar,-1,YES,NULL
ItensManutencao,Status,varchar,100,YES,NULL
ItensManutencao,MotoristaId,uniqueidentifier,NULL,YES,NULL
ItensManutencao,ViagemId,uniqueidentifier,NULL,YES,NULL
ItensManutencao,ImagemOcorrencia,varchar,500,YES,NULL
Lavador,LavadorId,uniqueidentifier,NULL,NO,(newid())
Lavador,Nome,varchar,100,YES,('')
Lavador,Ponto,varchar,50,YES,('')
Lavador,DataNascimento,date,NULL,YES,NULL
Lavador,CPF,varchar,50,YES,('')
Lavador,Celular01,varchar,50,YES,('')
Lavador,Celular02,varchar,50,YES,('')
Lavador,DataIngresso,date,NULL,YES,NULL
Lavador,Foto,varbinary,-1,YES,NULL
Lavador,Status,bit,NULL,YES,((1))
Lavador,UsuarioIdAlteracao,nvarchar,50,YES,NULL
Lavador,DataAlteracao,datetime,NULL,YES,NULL
Lavador,ContratoId,uniqueidentifier,NULL,YES,NULL
LavadorContrato,LavadorId,uniqueidentifier,NULL,NO,NULL
LavadorContrato,ContratoId,uniqueidentifier,NULL,NO,NULL
LavadoresLavagem,LavagemId,uniqueidentifier,NULL,NO,NULL
LavadoresLavagem,LavadorId,uniqueidentifier,NULL,NO,NULL
Lavagem,LavagemId,uniqueidentifier,NULL,NO,(newid())
Lavagem,VeiculoId,uniqueidentifier,NULL,YES,NULL
Lavagem,MotoristaId,uniqueidentifier,NULL,YES,NULL
Lavagem,Horario,datetime,NULL,YES,NULL
Lavagem,Data,datetime,NULL,YES,NULL
LotacaoMotorista,LotacaoMotoristaId,uniqueidentifier,NULL,NO,NULL
LotacaoMotorista,MotoristaId,uniqueidentifier,NULL,YES,NULL
LotacaoMotorista,UnidadeId,uniqueidentifier,NULL,YES,NULL
LotacaoMotorista,DataInicio,date,NULL,YES,NULL
LotacaoMotorista,DataFim,date,NULL,YES,NULL
LotacaoMotorista,Lotado,bit,NULL,YES,NULL
LotacaoMotorista,Motivo,varchar,50,YES,NULL
LotacaoMotorista,MotoristaCoberturaId,uniqueidentifier,NULL,YES,NULL
Manutencao,ManutencaoId,uniqueidentifier,NULL,NO,(newid())
Manutencao,NumOS,varchar,50,NO,NULL
Manutencao,DataSolicitacao,datetime,NULL,NO,NULL
Manutencao,VeiculoId,uniqueidentifier,NULL,YES,NULL
Manutencao,ResumoOS,varchar,500,YES,('')
Manutencao,DataDevolucao,datetime,NULL,YES,NULL
Manutencao,StatusOS,varchar,50,YES,('')
Manutencao,DataRecolhimento,datetime,NULL,YES,NULL
Manutencao,ReservaEnviado,bit,NULL,YES,((0))
Manutencao,VeiculoReservaId,uniqueidentifier,NULL,YES,NULL
Manutencao,DataRecebimentoReserva,datetime,NULL,YES,NULL
Manutencao,DataDevolucaoReserva,datetime,NULL,YES,NULL
Manutencao,ManutencaoPreventiva,bit,NULL,YES,((0))
Manutencao,QuilometragemManutencao,int,NULL,YES,((0))
Manutencao,DataEntrega,date,NULL,YES,NULL
Manutencao,IdUsuarioAlteracao,nvarchar,450,YES,NULL
Manutencao,DataAlteracao,datetime,NULL,YES,NULL
Manutencao,IdUsuarioCancelamento,nvarchar,450,YES,NULL
Manutencao,DataCancelamento,datetime,NULL,YES,NULL
Manutencao,IdUsuarioCriacao,nvarchar,450,YES,NULL
Manutencao,DataCriacao,datetime,NULL,YES,NULL
Manutencao,IdUsuarioFinalizacao,nvarchar,450,YES,NULL
Manutencao,DataFinalizacao,datetime,NULL,YES,NULL
Manutencao,DataDisponibilidade,date,NULL,YES,NULL
MarcaVeiculo,MarcaId,uniqueidentifier,NULL,NO,(newid())
MarcaVeiculo,DescricaoMarca,varchar,50,NO,NULL
MarcaVeiculo,Status,bit,NULL,YES,((1))
MediaCombustivel,NotaFiscalId,uniqueidentifier,NULL,NO,NULL
MediaCombustivel,CombustivelId,uniqueidentifier,NULL,NO,NULL
MediaCombustivel,Ano,int,NULL,NO,NULL
MediaCombustivel,Mes,int,NULL,NO,NULL
MediaCombustivel,PrecoMedio,float,NULL,YES,NULL
ModeloVeiculo,ModeloId,uniqueidentifier,NULL,NO,(newid())
ModeloVeiculo,MarcaId,uniqueidentifier,NULL,NO,NULL
ModeloVeiculo,DescricaoModelo,varchar,100,YES,NULL
ModeloVeiculo,Status,bit,NULL,YES,((1))
Motorista,MotoristaId,uniqueidentifier,NULL,NO,(newid())
Motorista,Nome,varchar,100,NO,('')
Motorista,Ponto,varchar,50,NO,('')
Motorista,DataNascimento,date,NULL,YES,NULL
Motorista,CPF,varchar,20,YES,('')
Motorista,CNH,varchar,20,YES,('')
Motorista,CategoriaCNH,varchar,10,YES,('')
Motorista,DataVencimentoCNH,date,NULL,YES,NULL
Motorista,Celular01,varchar,50,YES,('')
Motorista,Celular02,varchar,50,YES,('')
Motorista,DataIngresso,date,NULL,YES,NULL
Motorista,OrigemIndicacao,varchar,150,YES,NULL
Motorista,Foto,varbinary,-1,YES,(0xFFD8FFE000104A46494600010101006000600000FFDB0043000201010201010202020202020202030503030303030604040305070607070706070708090B0908080A0807070A0D0A0A0B0C0C0C0C07090E0F0D0C0E0B0C0C0CFFDB004301020202030303060303060C0807080C0C0C0C0C0C0C0C0C0C0C0C0C0C0C0C0C0C0C0C0C0C0C0C0C0C0C0C0C0C0C0C0C0C0C0C0C0C0C0C0C0C0C0C0C0C0C0C0C0CFFC000110800EF00F603012200021101031101FFC4001F0000010501010101010100000000000000000102030405060708090A0BFFC400B5100002010303020403050504040000017D01020300041105122131410613516107227114328191A1082342B1C11552D1F02433627282090A161718191A25262728292A3435363738393A434445464748494A535455565758595A636465666768696A737475767778797A838485868788898A92939495969798999AA2A3A4A5A6A7A8A9AAB2B3B4B5B6B7B8B9BAC2C3C4C5C6C7C8C9CAD2D3D4D5D6D7D8D9DAE1E2E3E4E5E6E7E8E9EAF1F2F3F4F5F6F7F8F9FAFFC4001F0100030101010101010101010000000000000102030405060708090A0BFFC400B51100020102040403040705040400010277000102031104052131061241510761711322328108144291A1B1C109233352F0156272D10A162434E125F11718191A262728292A35363738393A434445464748494A535455565758595A636465666768696A737475767778797A82838485868788898A92939495969798999AA2A3A4A5A6A7A8A9AAB2B3B4B5B6B7B8B9BAC2C3C4C5C6C7C8C9CAD2D3D4D5D6D7D8D9DAE2E3E4E5E6E7E8E9EAF2F3F4F5F6F7F8F9FAFFDA000C03010002110311003F00FDFCA28A2800A28A2800A28A2800A28A2800A28A2800A28A2800A28A4271400B452039A0B6280168A4DC29739A0028A28A0028A28A0028A28A0028A28A0028A28A0028A28A0028A28A0028A28A0028A28A0028A28A0028A28A0028A29375002D2039A42E00AF1CFDA2FF006B4D0FE0CE99A8092E0CD2DA461245B4DB34F04F2711298B21981CE485F980ED8E6A2A548C23CD234A54A5525CB147ABDD7892CAC2FD2DAE2E62B79A5FF56B2B6CF33827E5CF5E013C7A571DF137F696F087C29B049755D5ED22324AB12C66544639708DF7881F2725875014F15F0AFC67FDA0FE2EFC7BB1B84F09F872E6E341BD0185878918590B691245C3A395123A32E4A82A08C9CF615F3CF8D7FE09C5F193F6814B17F1BFC5BB1D1EDADAEDA55B2D3EDE7D4E45C904112CAD18473F36E001425F38CA8AF9CC5713E0E968E6BF3FC8FA3C370C62AA24F95FE5F99FA829FB70F8224D4DD66F10E99A73D8CA63BAB29AE6333329E8CAA3E624651B0B9E18F3915CFF008C3FE0A85F0A7C0F772C1A9788ECAC5D1D22559DFF00793B3739894644CB8E7F76C4E01E0D7E72E9FF00F0476F09AEA315D6B5E39F895ACCF6D2168C8BF86CA307A745889E800E1AAF6A9FF0485F84FAFEA6B25C5DF8DF744A638646F106FF002B39CB28319DA4F7C63EE8E38AF1E5C7384D95FEE3DB8701E2E4AFA7DE7D89E3FF00F82CAFC3AD0EFAEEC747D7ECB5ABBB291433DADB4CC922144725576E4B2EFF0099494185601B7E16BD5FE177FC1493E17FC4BF045DEA916BB6F6F77A6DB2DC5EE9F9324B0025549C81CA06382C40DA012C14735F97B7BFF045AF869A4BDCCD61AE7C41B2BDB8411ADC7F6A4772C80307F97CC8F00E7BF5E4F35C37863FE0911E22F837ADEA575E09F8AF7B6EDA842F6F2C3AAE9BB9EE21906258A4923605D6452C18107208E9B453A5C6F83E6B4E76F54554F0FF001FCB78453F46BF5B1FB4FE0DFDAF7C1DE2EB7865FED186D23B82C63323821D7E6657057236B46ACF9CE30AD9E86BD3ADEF61BB85248A58E48E450EACAC08653C820F71EF5FCF7F8F7F648FDA3BE179D324D14E95E2AD1F4F8AE545AE8D7E2D260ED2075758A60A325328407E9EA49AD2F837FF00055AF8D5FB20EA5A49F1DF873C45141696D3DBCF65AC7996103C64FCBB25CF901A3DAA54AFDEC1073C57B986E22C2D67684D3F99E062F8631941DA74E4ADE5A7DFB1FD00C332DC461D183AB0C860720D3ABF35FF00649FF82F5780FC4FE19B1D0F5DF36CB5F06794E4C4609C34AD227CC1810E518E542FF0AE07CDB57EFAF865F19F45F8A1A2DA5D595C206BC89268E3DEAFE62B2090146524302A7230738CE40C1AF6A9622153E16785570D529EE8EBA8A40734B5B9CE14514500145145001451450014514500145145001451450014514500145149B86680027158FE33F1859F837467B9BA942658246A0A8695CF451B88193F5ACBF88FF156CFC0B1AC607DAEFDC8DB6C8C01C1EE4F61D2BC97C59E3ED43C5B721A6895E552442A17F7719F503FC724D7CC671C4F87C15E943DEA9DBB7A9EF65790D7C535392B43B9625FDA27C49E2AB5BBB586CEDB47F2E5DB15D310D2CD0F38768F9F2D8FF7727BF22BCFEFFE14E87A778A6FBC5434AB0FF84975B60D77A88B6DD73380000A09C903000C671C02735A773A3195226DFF00BC84979910908C78E3F3E7D6AB98AF66805D5D4E12363B826CCFD001D49FD2BF31CC33BC6E31B555BB744B447E8980CA70D85B4A8DBF529AF86C456AF3FDB3CB79C87CECE483D320F7AA7AA4F6D1C0B17DA1DB68E72E7713EA4F6FA54B6D13EBFA817984A61886C42DF20240E723D7FC6926B38756790348B047191E5F5CE38FA64D7832D763E921EEB4E6EF631F4DD46709B8219999F6AE530001F5A6EB334E6D77B1444279D89F37E55ABADF88B4AD02D80D42E21B4B44C
Motorista,CNHDigital,varbinary,-1,YES,NULL
Motorista,Status,bit,NULL,YES,((1))
Motorista,UsuarioIdAlteracao,nvarchar,100,YES,NULL
Motorista,DataAlteracao,datetime,NULL,YES,(getdate())
Motorista,UnidadeId,uniqueidentifier,NULL,YES,NULL
Motorista,ContratoId,uniqueidentifier,NULL,YES,NULL
Motorista,CondutorId,uniqueidentifier,NULL,YES,NULL
Motorista,TipoCondutor,varchar,50,YES,('')
Motorista,EfetivoFerista,varchar,50,YES,('')
Motorista,CodMotoristaQCard,int,NULL,YES,NULL
MotoristaContrato,MotoristaId,uniqueidentifier,NULL,NO,NULL
MotoristaContrato,ContratoId,uniqueidentifier,NULL,NO,NULL
MovimentacaoEmpenho,MovimentacaoId,uniqueidentifier,NULL,NO,(newid())
MovimentacaoEmpenho,Descricao,varchar,100,YES,NULL
MovimentacaoEmpenho,TipoMovimentacao,char,1,YES,NULL
MovimentacaoEmpenho,Valor,float,NULL,YES,NULL
MovimentacaoEmpenho,DataMovimentacao,date,NULL,YES,NULL
MovimentacaoEmpenho,EmpenhoId,uniqueidentifier,NULL,YES,NULL
MovimentacaoEmpenhoMulta,MovimentacaoId,uniqueidentifier,NULL,NO,(newid())
MovimentacaoEmpenhoMulta,Descricao,varchar,500,YES,NULL
MovimentacaoEmpenhoMulta,TipoMovimentacao,char,1,YES,NULL
MovimentacaoEmpenhoMulta,Valor,float,NULL,YES,NULL
MovimentacaoEmpenhoMulta,DataMovimentacao,datetime,NULL,YES,NULL
MovimentacaoEmpenhoMulta,MultaId,uniqueidentifier,NULL,YES,NULL
MovimentacaoEmpenhoMulta,EmpenhoMultaId,uniqueidentifier,NULL,YES,NULL
MovimentacaoPatrimonio,MovimentacaoPatrimonioId,uniqueidentifier,NULL,NO,NULL
MovimentacaoPatrimonio,DataMovimentacao,datetime,NULL,NO,NULL
MovimentacaoPatrimonio,ResponsavelMovimentacao,nvarchar,450,NO,NULL
MovimentacaoPatrimonio,SecaoOrigemId,uniqueidentifier,NULL,NO,NULL
MovimentacaoPatrimonio,SecaoDestinoId,uniqueidentifier,NULL,NO,NULL
MovimentacaoPatrimonio,SetorOrigemId,uniqueidentifier,NULL,NO,NULL
MovimentacaoPatrimonio,SetorDestinoId,uniqueidentifier,NULL,NO,NULL
MovimentacaoPatrimonio,PatrimonioId,uniqueidentifier,NULL,NO,NULL
Multa,MultaId,uniqueidentifier,NULL,NO,(newid())
Multa,Data,datetime,NULL,NO,NULL
Multa,Hora,datetime,NULL,NO,NULL
Multa,Localizacao,varchar,200,NO,NULL
Multa,Vencimento,datetime,NULL,YES,NULL
Multa,ValorAteVencimento,float,NULL,YES,((0))
Multa,ValorPosVencimento,float,NULL,YES,((0))
Multa,Observacao,varchar,-1,YES,('')
Multa,AutuacaoPDF,varchar,-1,YES,('')
Multa,PenalidadePDF,varchar,-1,YES,('')
Multa,Paga,bit,NULL,NO,NULL
Multa,EnviadaSecle,bit,NULL,NO,NULL
Multa,MotoristaId,uniqueidentifier,NULL,YES,NULL
Multa,VeiculoId,uniqueidentifier,NULL,YES,NULL
Multa,OrgaoAutuanteId,uniqueidentifier,NULL,YES,NULL
Multa,TipoMultaId,uniqueidentifier,NULL,YES,NULL
Multa,EmpenhoMultaId,uniqueidentifier,NULL,YES,NULL
Multa,Fase,varchar,50,YES,('')
Multa,ProcessoEDoc,varchar,50,YES,('')
Multa,NumInfracao,varchar,50,YES,NULL
Multa,Status,varchar,50,YES,('')
Multa,DataNotificacao,datetime,NULL,YES,NULL
Multa,DataLimite,datetime,NULL,YES,NULL
Multa,ContratoVeiculoId,uniqueidentifier,NULL,YES,NULL
Multa,ContratoMotoristaId,uniqueidentifier,NULL,YES,NULL
Multa,NoFichaVistoria,int,NULL,YES,((0))
Multa,ComprovantePDF,varchar,-1,YES,('')
Multa,DataPagamento,datetime,NULL,YES,NULL
Multa,ValorPago,float,NULL,YES,((0))
Multa,FormaPagamento,varchar,50,YES,('')
Multa,AtaVeiculoId,uniqueidentifier,NULL,YES,NULL
Multa,ProcessoEdocPDF,varchar,-1,YES,NULL
Multa,OutrosDocumentosPDF,varchar,-1,YES,NULL
NotaFiscal,NotaFiscalId,uniqueidentifier,NULL,NO,(newid())
NotaFiscal,NumeroNF,int,NULL,YES,NULL
NotaFiscal,DataEmissao,date,NULL,YES,NULL
NotaFiscal,ValorNF,float,NULL,YES,NULL
NotaFiscal,TipoNF,varchar,20,YES,NULL
NotaFiscal,Objeto,varchar,100,YES,NULL
NotaFiscal,ValorGlosa,float,NULL,YES,NULL
NotaFiscal,MotivoGlosa,varchar,150,YES,NULL
NotaFiscal,EmpenhoId,uniqueidentifier,NULL,YES,NULL
NotaFiscal,ContratoId,uniqueidentifier,NULL,YES,NULL
NotaFiscal,VeiculoId,uniqueidentifier,NULL,YES,NULL
NotaFiscal,AnoReferencia,int,NULL,YES,NULL
NotaFiscal,MesReferencia,int,NULL,YES,NULL
NotaFiscal,AtaId,uniqueidentifier,NULL,YES,NULL
OcorrenciaViagem,OcorrenciaViagemId,uniqueidentifier,NULL,NO,(newid())
OcorrenciaViagem,ViagemId,uniqueidentifier,NULL,NO,NULL
OcorrenciaViagem,VeiculoId,uniqueidentifier,NULL,NO,NULL
OcorrenciaViagem,MotoristaId,uniqueidentifier,NULL,YES,NULL
OcorrenciaViagem,Resumo,nvarchar,200,NO,('')
OcorrenciaViagem,Descricao,nvarchar,-1,NO,('')
OcorrenciaViagem,ImagemOcorrencia,nvarchar,-1,NO,('')
OcorrenciaViagem,Status,nvarchar,20,NO,('Aberta')
OcorrenciaViagem,DataCriacao,datetime,NULL,NO,(getdate())
OcorrenciaViagem,DataBaixa,datetime,NULL,YES,NULL
OcorrenciaViagem,UsuarioCriacao,nvarchar,100,NO,('')
OcorrenciaViagem,UsuarioBaixa,nvarchar,100,NO,('')
OcorrenciaViagem,ItemManutencaoId,uniqueidentifier,NULL,YES,NULL
OcorrenciaViagem,Observacoes,nvarchar,500,NO,('')
OcorrenciaViagem,StatusOcorrencia,bit,NULL,YES,((1))
OcorrenciaViagem,Solucao,varchar,500,YES,('')
Operador,OperadorId,uniqueidentifier,NULL,NO,(newid())
Operador,Nome,varchar,100,YES,('')
Operador,Ponto,varchar,50,YES,('')
Operador,DataNascimento,date,NULL,YES,NULL
Operador,CPF,varchar,50,YES,('')
Operador,Celular01,varchar,50,YES,('')
Operador,Celular02,varchar,50,YES,('')
Operador,DataIngresso,date,NULL,YES,NULL
Operador,Foto,varbinary,-1,YES,NULL
Operador,Status,bit,NULL,YES,((1))
Operador,UsuarioIdAlteracao,nvarchar,50,YES,NULL
Operador,DataAlteracao,datetime,NULL,YES,NULL
Operador,ContratoId,uniqueidentifier,NULL,YES,NULL
OperadorContrato,OperadorId,uniqueidentifier,NULL,NO,NULL
OperadorContrato,ContratoId,uniqueidentifier,NULL,NO,NULL
OrgaoAutuante,OrgaoAutuanteId,uniqueidentifier,NULL,NO,(newid())
OrgaoAutuante,Sigla,varchar,50,NO,NULL
OrgaoAutuante,Nome,varchar,100,YES,NULL
Patrimonio,PatrimonioId,uniqueidentifier,NULL,NO,NULL
Patrimonio,NPR,varchar,50,NO,NULL
Patrimonio,Marca,varchar,50,YES,NULL
Patrimonio,Modelo,varchar,50,YES,NULL
Patrimonio,Descricao,varchar,100,NO,NULL
Patrimonio,NumeroSerie,varchar,50,YES,NULL
Patrimonio,SecaoId,uniqueidentifier,NULL,NO,NULL
Patrimonio,Situacao,varchar,50,NO,NULL
Patrimonio,SetorId,uniqueidentifier,NULL,NO,NULL
Patrimonio,LocalizacaoAtual,varchar,150,NO,NULL
Patrimonio,Status,bit,NULL,YES,NULL
Patrimonio,ImageUrl,varchar,500,YES,NULL
Patrimonio,Imagem,varbinary,-1,YES,NULL
Patrimonio,StatusConferencia,int,NULL,YES,NULL
Patrimonio,LocalizacaoConferencia,varchar,150,YES,NULL
Patrimonio,SetorConferenciaId,uniqueidentifier,NULL,YES,NULL
Patrimonio,SecaoConferenciaId,uniqueidentifier,NULL,YES,NULL
Patrimonio,DataEntrada,date,NULL,YES,NULL
Patrimonio,DataSaida,date,NULL,YES,NULL
Perfis,id_perfil,int,NULL,NO,NULL
Perfis,descricao,varchar,50,NO,NULL
PlacaBronze,PlacaBronzeId,uniqueidentifier,NULL,NO,(newid())
PlacaBronze,DescricaoPlaca,varchar,100,YES,NULL
PlacaBronze,Status,bit,NULL,YES,((1))
Recurso,RecursoId,uniqueidentifier,NULL,NO,(newid())
Recurso,Nome,varchar,250,YES,NULL
Recurso,Descricao,varchar,250,YES,NULL
Recurso,NomeMenu,varchar,250,YES,NULL
Recurso,Ordem,float,NULL,NO,NULL
Recurso,ParentId,uniqueidentifier,NULL,YES,NULL
Recurso,Icon,nvarchar,200,YES,NULL
Recurso,Href,nvarchar,500,YES,NULL
Recurso,Ativo,bit,NULL,NO,((1))
Recurso,Nivel,int,NULL,NO,((0))
RegistroCupomAbastecimento,RegistroCupomId,uniqueidentifier,NULL,NO,(newid())
RegistroCupomAbastecimento,DataRegistro,date,NULL,NO,NULL
RegistroCupomAbastecimento,Observacoes,varchar,-1,YES,NULL
RegistroCupomAbastecimento,RegistroPDF,varchar,100,NO,NULL
RepactuacaoAta,RepactuacaoAtaId,uniqueidentifier,NULL,NO,(newid())
RepactuacaoAta,DataRepactuacao,date,NULL,YES,NULL
RepactuacaoAta,Descricao,varchar,100,YES,NULL
RepactuacaoAta,Valor,float,NULL,YES,NULL
RepactuacaoAta,AtaId,uniqueidentifier,NULL,YES,NULL
RepactuacaoContrato,RepactuacaoContratoId,uniqueidentifier,NULL,NO,(newid())
RepactuacaoContrato,DataRepactuacao,date,NULL,YES,NULL
RepactuacaoContrato,Descricao,varchar,100,YES,NULL
RepactuacaoContrato,Valor,float,NULL,YES,NULL
RepactuacaoContrato,ContratoId,uniqueidentifier,NULL,YES,NULL
RepactuacaoContrato,Vigencia,int,NULL,YES,NULL
RepactuacaoContrato,Prorrogacao,int,NULL,YES,NULL
RepactuacaoContrato,Percentual,float,NULL,YES,NULL
RepactuacaoServicos,RepactuacaoServicoId,uniqueidentifier,NULL,NO,NULL
RepactuacaoServicos,DataRepactuacao,date,NULL,YES,NULL
RepactuacaoServicos,Valor,float,NULL,YES,NULL
RepactuacaoServicos,RepactuacaoContratoId,uniqueidentifier,NULL,NO,NULL
RepactuacaoTerceirizacao,RepactuacaoTerceirizacaoId,uniqueidentifier,NULL,NO,NULL
RepactuacaoTerceirizacao,DataRepactuacao,date,NULL,YES,NULL
RepactuacaoTerceirizacao,ValorEncarregado,float,NULL,YES,NULL
RepactuacaoTerceirizacao,QtdEncarregados,int,NULL,YES,NULL
RepactuacaoTerceirizacao,ValorOperador,float,NULL,YES,NULL
RepactuacaoTerceirizacao,QtdOperadores,int,NULL,YES,NULL
RepactuacaoTerceirizacao,ValorMotorista,float,NULL,YES,NULL
RepactuacaoTerceirizacao,QtdMotoristas,int,NULL,YES,NULL
RepactuacaoTerceirizacao,ValorLavador,float,NULL,YES,NULL
RepactuacaoTerceirizacao,QtdLavadores,int,NULL,YES,NULL
RepactuacaoTerceirizacao,RepactuacaoContratoId,uniqueidentifier,NULL,NO,NULL
Requisitante,RequisitanteId,uniqueidentifier,NULL,NO,(newid())
Requisitante,Nome,varchar,100,NO,NULL
Requisitante,Ponto,varchar,50,NO,NULL
Requisitante,Ramal,int,NULL,YES,NULL
Requisitante,Email,varchar,100,YES,NULL
Requisitante,SetorSolicitanteId,uniqueidentifier,NULL,YES,NULL
Requisitante,Status,bit,NULL,YES,((1))
Requisitante,UsuarioIdAlteracao,nvarchar,50,NO,NULL
Requisitante,DataAlteracao,datetime,NULL,YES,NULL
SecaoPatrimonial,SecaoId,uniqueidentifier,NULL,NO,NULL
SecaoPatrimonial,NomeSecao,varchar,50,NO,NULL
SecaoPatrimonial,SetorId,uniqueidentifier,NULL,NO,NULL
SecaoPatrimonial,Status,bit,NULL,NO,NULL
SetorPatrimonial,SetorId,uniqueidentifier,NULL,NO,NULL
SetorPatrimonial,NomeSetor,varchar,50,NO,NULL
SetorPatrimonial,DetentorId,nvarchar,450,NO,NULL
SetorPatrimonial,Status,bit,NULL,NO,((1))
SetorPatrimonial,SetorBaixa,bit,NULL,YES,NULL
SetorSolicitante,SetorSolicitanteId,uniqueidentifier,NULL,NO,(newid())
SetorSolicitante,Nome,varchar,200,NO,NULL
SetorSolicitante,Sigla,varchar,50,YES,NULL
SetorSolicitante,Ramal,int,NULL,YES,NULL
SetorSolicitante,SetorPaiId,uniqueidentifier,NULL,YES,NULL
SetorSolicitante,Status,bit,NULL,YES,((1))
SetorSolicitante,DataAlteracao,datetime,NULL,YES,(getdate())
SetorSolicitante,UsuarioIdAlteracao,nvarchar,100,YES,NULL
sysdiagrams,name,nvarchar,128,NO,NULL
sysdiagrams,principal_id,int,NULL,NO,NULL
sysdiagrams,diagram_id,int,NULL,NO,NULL
sysdiagrams,version,int,NULL,YES,NULL
sysdiagrams,definition,varbinary,-1,YES,NULL
TipoMulta,TipoMultaId,uniqueidentifier,NULL,NO,(newid())
TipoMulta,Artigo,varchar,100,YES,NULL
TipoMulta,Descricao,varchar,-1,YES,NULL
TipoMulta,Infracao,varchar,50,YES,NULL
TipoMulta,CodigoDenatran,varchar,50,YES,NULL
TipoMulta,Desdobramento,varchar,50,YES,NULL
tr_AppLock,Id,nvarchar,255,NO,NULL
tr_Object,Id,varchar,255,NO,NULL
tr_Object,Value,image,2147483647,NO,NULL
tr_Set,Id,varchar,255,NO,NULL
tr_Set,Member,varchar,255,NO,NULL
tr_String,Id,varchar,255,NO,NULL
tr_String,Value,nvarchar,4000,NO,NULL
Unidade,UnidadeId,uniqueidentifier,NULL,NO,(newid())
Unidade,Sigla,varchar,50,YES,NULL
Unidade,Descricao,varchar,100,NO,NULL
Unidade,PontoPrimeiroContato,varchar,50,YES,NULL
Unidade,PrimeiroContato,varchar,100,YES,NULL
Unidade,PrimeiroRamal,bigint,NULL,YES,NULL
Unidade,PontoSegundoContato,varchar,50,YES,NULL
Unidade,SegundoContato,varchar,100,YES,NULL
Unidade,SegundoRamal,bigint,NULL,YES,NULL
Unidade,PontoTerceiroContato,varchar,50,YES,NULL
Unidade,TerceiroContato,varchar,100,YES,NULL
Unidade,TerceiroRamal,bigint,NULL,YES,NULL
Unidade,Status,bit,NULL,YES,((1))
Unidade,Categoria,varchar,100,YES,NULL
Unidade,QtdMotoristas,int,NULL,YES,((0))
Usuarios,UsuarioId,uniqueidentifier,NULL,NO,(newid())
Usuarios,Ponto,varchar,10,NO,NULL
Usuarios,PontoUpper,varchar,10,NO,NULL
Usuarios,Nome,varchar,100,NO,NULL
Usuarios,Email,varchar,100,NO,NULL
Usuarios,EmailUpper,varchar,100,YES,NULL
Usuarios,EmailNaoConfirmado,varchar,100,YES,NULL
Usuarios,Foto,varbinary,-1,YES,NULL
Usuarios,Status,bit,NULL,NO,NULL
Usuarios,SenhaHash,varchar,100,NO,NULL
Usuarios,SenhaCamaraNetHash,varchar,100,YES,NULL
Usuarios,PrecisaMudarSenha,bit,NULL,YES,NULL
Usuarios,EmailConfirmado,bit,NULL,YES,NULL
Usuarios,SecurityStamp,varchar,50,YES,NULL
Usuarios,AuthenticatorKey,varchar,50,YES,NULL
Usuarios,RecoveryCodes,varchar,200,YES,NULL
Usuarios,AccessFailedCount,int,NULL,YES,NULL
Usuarios,LockoutEndDate,datetime,NULL,YES,NULL
Usuarios,AdministratorRole,bit,NULL,YES,NULL
Usuarios,LastLoginDate,datetime,NULL,YES,NULL
Usuarios,CreatedDate,datetime,NULL,YES,NULL
Usuarios,RowVersion,timestamp,NULL,YES,NULL
Veiculo,VeiculoId,uniqueidentifier,NULL,NO,(newid())
Veiculo,Placa,varchar,10,NO,NULL
Veiculo,Quilometragem,int,NULL,YES,((0))
Veiculo,Renavam,varchar,20,YES,('')
Veiculo,PlacaVinculada,varchar,50,YES,('')
Veiculo,AnoFabricacao,int,NULL,YES,((0))
Veiculo,AnoModelo,int,NULL,YES,((0))
Veiculo,Reserva,bit,NULL,YES,((0))
Veiculo,VeiculoProprio,bit,NULL,YES,((0))
Veiculo,Status,bit,NULL,YES,((1))
Veiculo,CRLV,varbinary,-1,YES,NULL
Veiculo,DataAlteracao,datetime,NULL,NO,(getdate())
Veiculo,UsuarioIdAlteracao,nvarchar,100,YES,NULL
Veiculo,UnidadeId,uniqueidentifier,NULL,YES,NULL
Veiculo,MarcaId,uniqueidentifier,NULL,NO,NULL
Veiculo,ModeloId,uniqueidentifier,NULL,NO,NULL
Veiculo,CombustivelId,uniqueidentifier,NULL,YES,NULL
Veiculo,ContratoId,uniqueidentifier,NULL,YES,NULL
Veiculo,AtaId,uniqueidentifier,NULL,YES,NULL
Veiculo,PlacaBronzeId,uniqueidentifier,NULL,YES,NULL
Veiculo,ItemVeiculoId,uniqueidentifier,NULL,YES,NULL
Veiculo,Patrimonio,varchar,10,YES,('')
Veiculo,ItemVeiculoAtaId,uniqueidentifier,NULL,YES,NULL
Veiculo,Categoria,varchar,50,YES,('')
Veiculo,DataIngresso,date,NULL,YES,NULL
Veiculo,Economildo,bit,NULL,YES,((0))
Veiculo,ValorMensal,float,NULL,YES,((0))
Veiculo,Consumo,float,NULL,YES,((0))
VeiculoAta,VeiculoId,uniqueidentifier,NULL,NO,NULL
VeiculoAta,AtaId,uniqueidentifier,NULL,NO,NULL
VeiculoContrato,VeiculoId,uniqueidentifier,NULL,NO,NULL
VeiculoContrato,ContratoId,uniqueidentifier,NULL,NO,NULL
VeiculoPadraoViagem,VeiculoPadraoViagemId,int,NULL,NO,NULL
VeiculoPadraoViagem,VeiculoId,uniqueidentifier,NULL,NO,NULL
VeiculoPadraoViagem,AvgDuracaoMinutos,decimal,NULL,YES,NULL
VeiculoPadraoViagem,DesvioPadraoDuracaoMinutos,decimal,NULL,YES,NULL
VeiculoPadraoViagem,MinDuracaoMinutos,int,NULL,YES,NULL
VeiculoPadraoViagem,MaxDuracaoNormalMinutos,int,NULL,YES,NULL
VeiculoPadraoViagem,MedianaDuracaoMinutos,int,NULL,YES,NULL
VeiculoPadraoViagem,AvgKmPorViagem,decimal,NULL,YES,NULL
VeiculoPadraoViagem,DesvioPadraoKm,decimal,NULL,YES,NULL
VeiculoPadraoViagem,MaxKmNormalPorViagem,decimal,NULL,YES,NULL
VeiculoPadraoViagem,MedianaKm,decimal,NULL,YES,NULL
VeiculoPadraoViagem,Q1Km,decimal,NULL,YES,NULL
VeiculoPadraoViagem,Q3Km,decimal,NULL,YES,NULL
VeiculoPadraoViagem,IQRKm,decimal,NULL,YES,NULL
VeiculoPadraoViagem,LimiteInferiorKm,decimal,NULL,YES,NULL
VeiculoPadraoViagem,LimiteSuperiorKm,decimal,NULL,YES,NULL
VeiculoPadraoViagem,MedianaMinutos,decimal,NULL,YES,NULL
VeiculoPadraoViagem,AvgKmPorDia,decimal,NULL,YES,NULL
VeiculoPadraoViagem,MediaKmEntreAbastecimentos,decimal,NULL,YES,NULL
VeiculoPadraoViagem,MediaDiasEntreAbastecimentos,decimal,NULL,YES,NULL
VeiculoPadraoViagem,TotalAbastecimentosAnalisados,int,NULL,YES,((0))
VeiculoPadraoViagem,TotalViagensAnalisadas,int,NULL,YES,((0))
VeiculoPadraoViagem,TotalViagensRealizadas,int,NULL,YES,((0))
VeiculoPadraoViagem,Percentil95Duracao,int,NULL,YES,NULL
VeiculoPadraoViagem,Percentil99Duracao,int,NULL,YES,NULL
VeiculoPadraoViagem,TipoUso,varchar,50,YES,NULL
VeiculoPadraoViagem,DataCriacao,datetime2,NULL,YES,(getdate())
VeiculoPadraoViagem,DataAtualizacao,datetime2,NULL,YES,(getdate())
Viagem,ViagemId,uniqueidentifier,NULL,NO,(newid())
Viagem,DataInicial,datetime,NULL,YES,NULL
Viagem,DataFinal,datetime,NULL,YES,NULL
Viagem,HoraInicio,datetime,NULL,YES,NULL
Viagem,HoraFim,datetime,NULL,YES,NULL
Viagem,CombustivelInicial,varchar,50,YES,('')
Viagem,CombustivelFinal,varchar,50,YES,('')
Viagem,KmAtual,int,NULL,NO,((0))
Viagem,KmInicial,int,NULL,YES,((0))
Viagem,KmFinal,int,NULL,YES,((0))
Viagem,Descricao,varchar,-1,YES,('')
Viagem,RamalRequisitante,varchar,50,YES,('')
Viagem,Finalidade,varchar,200,YES,('')
Viagem,NoFichaVistoria,int,NULL,YES,((0))
Viagem,Status,varchar,50,YES,('')
Viagem,RequisitanteId,uniqueidentifier,NULL,YES,NULL
Viagem,SetorSolicitanteId,uniqueidentifier,NULL,YES,NULL
Viagem,VeiculoId,uniqueidentifier,NULL,YES,NULL
Viagem,MotoristaId,uniqueidentifier,NULL,YES,NULL
Viagem,UsuarioIdCriacao,nvarchar,450,YES,NULL
Viagem,DataCriacao,datetime,NULL,YES,NULL
Viagem,UsuarioIdFinalizacao,varchar,100,YES,NULL
Viagem,DataFinalizacao,datetime,NULL,YES,NULL
Viagem,ResumoOcorrencia,varchar,100,YES,('')
Viagem,DescricaoOcorrencia,varchar,-1,YES,('')
Viagem,StatusOcorrencia,varchar,50,YES,('')
Viagem,StatusDocumento,varchar,50,YES,('')
Viagem,StatusCartaoAbastecimento,varchar,50,YES,('')
Viagem,StatusAgendamento,bit,NULL,YES,((0))
Viagem,Origem,varchar,-1,YES,('')
Viagem,Destino,varchar,-1,YES,('')
Viagem,DescricaoSemFormato,varchar,-1,YES,('')
Viagem,FichaVistoria,varbinary,-1,YES,NULL
Viagem,CustoCombustivel,float,NULL,YES,((0))
Viagem,CustoMotorista,float,NULL,YES,((0))
Viagem,CustoVeiculo,float,NULL,YES,((0))
Viagem,CustoOperador,float,NULL,YES,((0))
Viagem,CustoLavador,float,NULL,YES,((0))
Viagem,Minutos,int,NULL,YES,((0))
Viagem,NomeEvento,varchar,-1,YES,('')
Viagem,DescricaoSolucaoOcorrencia,varchar,-1,YES,('')
Viagem,ImagemOcorrencia,varchar,500,YES,('semimagem.jpg')
Viagem,ItemManutencaoId,uniqueidentifier,NULL,YES,NULL
Viagem,EventoId,uniqueidentifier,NULL,YES,NULL
Viagem,FoiAgendamento,bit,NULL,YES,((0))
Viagem,Recorrente,varchar,50,YES,('')
Viagem,RecorrenciaViagemId,uniqueidentifier,NULL,YES,NULL
Viagem,Intervalo,varchar,50,YES,('')
Viagem,DataFinalRecorrencia,date,NULL,YES,NULL
Viagem,Monday,bit,NULL,YES,((0))
Viagem,Tuesday,bit,NULL,YES,((0))
Viagem,Wednesday,bit,NULL,YES,((0))
Viagem,Thursday,bit,NULL,YES,((0))
Viagem,Friday,bit,NULL,YES,((0))
Viagem,Saturday,bit,NULL,YES,((0))
Viagem,Sunday,bit,NULL,YES,((0))
Viagem,AgendamentoTMP,varchar,-1,YES,('')
Viagem,DatasSelecionadas,varchar,50,YES,('')
Viagem,DiaMesRecorrencia,int,NULL,YES,((0))
Viagem,UsuarioIdAgendamento,varchar,100,YES,NULL
Viagem,DataAgendamento,datetime,NULL,YES,NULL
Viagem,DescricaoViagemWord,varbinary,-1,YES,NULL
Viagem,DescricaoViagemImagem,varbinary,-1,YES,NULL
Viagem,UsuarioIdCancelamento,varchar,100,YES,NULL
Viagem,DataCancelamento,datetime,NULL,YES,NULL
Viagem,Rubrica,nvarchar,-1,YES,('')
Viagem,DanoAvaria,varchar,-1,YES,('')
Viagem,StatusDocumentoFinal,varchar,50,YES,('')
Viagem,StatusCartaoAbastecimentoFinal,varchar,50,YES,('')
Viagem,RubricaFinal,nvarchar,-1,YES,('')
Viagem,DanoAvariaFinal,varchar,-1,YES,('')
Viagem,FotosBase64,varbinary,-1,YES,NULL
Viagem,VideosBase64,varbinary,-1,YES,NULL
Viagem,FotosFinaisBase64,varbinary,-1,YES,NULL
Viagem,VideosFinaisBase64,varbinary,-1,YES,NULL
Viagem,VistoriadorInicialId,varchar,50,YES,NULL
Viagem,VistoriadorFinalId,varchar,50,YES,NULL
Viagem,CintaEntregue,bit,NULL,YES,((0))
Viagem,CintaDevolvida,bit,NULL,YES,((0))
Viagem,DataInicialNormalizada,datetime2,NULL,YES,NULL
Viagem,DataFinalNormalizada,datetime2,NULL,YES,NULL
Viagem,HoraInicioNormalizada,time,NULL,YES,NULL
Viagem,HoraFimNormalizada,time,NULL,YES,NULL
Viagem,MinutosNormalizado,int,NULL,YES,NULL
Viagem,KmInicialNormalizado,int,NULL,YES,NULL
Viagem,KmFinalNormalizado,int,NULL,YES,NULL
Viagem,FoiNormalizada,bit,NULL,YES,((0))
Viagem,TipoNormalizacao,nvarchar,500,YES,NULL
Viagem,DataNormalizacao,datetime2,NULL,YES,NULL
Viagem,KmRodadoNormalizado,int,NULL,YES,NULL
Viagem,KmRodado,int,NULL,YES,NULL
Viagem,Id,int,NULL,NO,NULL
Viagem,TabletEntregue,bit,NULL,YES,((0))
Viagem,TabletDevolvido,bit,NULL,YES,((0))
Viagem,ArlaEntregue,bit,NULL,YES,((0))
Viagem,ArlaDevolvido,bit,NULL,YES,((0))
Viagem,CaboEntregue,bit,NULL,YES,((0))
Viagem,CaboDevolvido,bit,NULL,YES,((0))
Viagem,SuporteIntegro,bit,NULL,YES,((0))
Viagem,SuporteDefeituoso,bit,NULL,YES,((0))
Viagem_Backup_OrigemDestino,ViagemId,uniqueidentifier,NULL,NO,NULL
Viagem_Backup_OrigemDestino,OrigemOriginal,varchar,-1,YES,NULL
Viagem_Backup_OrigemDestino,DestinoOriginal,varchar,-1,YES,NULL
Viagem_Backup_OrigemDestino,DataCriacao,datetime,NULL,YES,NULL
Viagem_Backup_OrigemDestino,DataBackup,datetime,NULL,NO,NULL
ViagemEstatistica,Id,int,NULL,NO,NULL
ViagemEstatistica,DataReferencia,datetime2,NULL,NO,NULL
ViagemEstatistica,TotalViagens,int,NULL,NO,((0))
ViagemEstatistica,ViagensFinalizadas,int,NULL,NO,((0))
ViagemEstatistica,ViagensEmAndamento,int,NULL,NO,((0))
ViagemEstatistica,ViagensAgendadas,int,NULL,NO,((0))
ViagemEstatistica,ViagensCanceladas,int,NULL,NO,((0))
ViagemEstatistica,CustoTotal,decimal,NULL,NO,((0))
ViagemEstatistica,CustoMedioPorViagem,decimal,NULL,NO,((0))
ViagemEstatistica,CustoVeiculo,decimal,NULL,NO,((0))
ViagemEstatistica,CustoMotorista,decimal,NULL,NO,((0))
ViagemEstatistica,CustoOperador,decimal,NULL,NO,((0))
ViagemEstatistica,CustoLavador,decimal,NULL,NO,((0))
ViagemEstatistica,CustoCombustivel,decimal,NULL,NO,((0))
ViagemEstatistica,QuilometragemTotal,decimal,NULL,NO,((0))
ViagemEstatistica,QuilometragemMedia,decimal,NULL,NO,((0))
ViagemEstatistica,ViagensPorStatusJson,nvarchar,-1,YES,NULL
ViagemEstatistica,ViagensPorMotoristaJson,nvarchar,-1,YES,NULL
ViagemEstatistica,ViagensPorVeiculoJson,nvarchar,-1,YES,NULL
ViagemEstatistica,ViagensPorFinalidadeJson,nvarchar,-1,YES,NULL
ViagemEstatistica,ViagensPorRequisitanteJson,nvarchar,-1,YES,NULL
ViagemEstatistica,ViagensPorSetorJson,nvarchar,-1,YES,NULL
ViagemEstatistica,CustosPorMotoristaJson,nvarchar,-1,YES,NULL
ViagemEstatistica,CustosPorVeiculoJson,nvarchar,-1,YES,NULL
ViagemEstatistica,KmPorVeiculoJson,nvarchar,-1,YES,NULL
ViagemEstatistica,CustosPorTipoJson,nvarchar,-1,YES,NULL
ViagemEstatistica,DataCriacao,datetime2,NULL,NO,(getdate())
ViagemEstatistica,DataAtualizacao,datetime2,NULL,YES,NULL
ViagemEstatistica,KmTotal,int,NULL,YES,NULL
ViagemEstatistica,KmMedio,decimal,NULL,YES,NULL
ViagemEstatistica,MinutosTotal,int,NULL,YES,NULL
ViagemEstatistica,MinutosMedio,int,NULL,YES,NULL
ViagensEconomildo,VIagemEconomildoId,uniqueidentifier,NULL,NO,(newid())
ViagensEconomildo,Data,date,NULL,YES,NULL
ViagensEconomildo,VeiculoId,uniqueidentifier,NULL,YES,NULL
ViagensEconomildo,MotoristaId,uniqueidentifier,NULL,YES,NULL
ViagensEconomildo,MOB,varchar,50,YES,NULL
ViagensEconomildo,Responsavel,varchar,50,YES,NULL
ViagensEconomildo,IdaVolta,varchar,5,YES,NULL
ViagensEconomildo,Trajeto,varchar,500,YES,NULL
ViagensEconomildo,HoraInicio,varchar,5,YES,NULL
ViagensEconomildo,HoraFim,varchar,5,YES,NULL
ViagensEconomildo,Duracao,int,NULL,YES,NULL
ViagensEconomildo,QtdPassageiros,int,NULL,YES,NULL
WhatsAppContatos,Id,int,NULL,NO,NULL
WhatsAppContatos,Numero,nvarchar,50,NO,NULL
WhatsAppContatos,Nome,nvarchar,100,YES,NULL
WhatsAppContatos,NomeWhatsApp,nvarchar,100,YES,NULL
WhatsAppContatos,FotoUrl,nvarchar,500,YES,NULL
WhatsAppContatos,Verificado,bit,NULL,YES,((0))
WhatsAppContatos,Bloqueado,bit,NULL,YES,((0))
WhatsAppContatos,UltimaMensagem,datetime,NULL,YES,NULL
WhatsAppContatos,DataCadastro,datetime,NULL,NO,(getdate())
WhatsAppContatos,TotalMensagensEnviadas,int,NULL,YES,((0))
WhatsAppContatos,TotalMensagensRecebidas,int,NULL,YES,((0))
WhatsAppContatos,ObservacoesJson,nvarchar,-1,YES,NULL
WhatsAppFilaMensagens,Id,int,NULL,NO,NULL
WhatsAppFilaMensagens,MensagemId,int,NULL,NO,NULL
WhatsAppFilaMensagens,Status,int,NULL,NO,((0))
WhatsAppFilaMensagens,Prioridade,int,NULL,NO,((5))
WhatsAppFilaMensagens,DataAgendamento,datetime,NULL,NO,NULL
WhatsAppFilaMensagens,DataProcessamento,datetime,NULL,YES,NULL
WhatsAppFilaMensagens,Tentativas,int,NULL,YES,((0))
WhatsAppFilaMensagens,ErroUltimaTentativa,nvarchar,-1,YES,NULL
WhatsAppInstancias,Id,int,NULL,NO,NULL
WhatsAppInstancias,NomeInstancia,nvarchar,100,NO,NULL
WhatsAppInstancias,NumeroConectado,nvarchar,50,YES,NULL
WhatsAppInstancias,Status,int,NULL,NO,((0))
WhatsAppInstancias,DataConexao,datetime,NULL,YES,NULL
WhatsAppInstancias,DataCriacao,datetime,NULL,NO,(getdate())
WhatsAppInstancias,UltimaVerificacao,datetime,NULL,YES,NULL
WhatsAppInstancias,QRCode,nvarchar,-1,YES,NULL
WhatsAppInstancias,Ativa,bit,NULL,NO,((1))
WhatsAppInstancias,Principal,bit,NULL,NO,((0))
WhatsAppInstancias,ConfiguracoesJson,nvarchar,-1,YES,NULL
WhatsAppMensagens,Id,int,NULL,NO,NULL
WhatsAppMensagens,NumeroDestino,nvarchar,50,NO,NULL
WhatsAppMensagens,Mensagem,nvarchar,-1,NO,NULL
WhatsAppMensagens,Tipo,int,NULL,NO,((0))
WhatsAppMensagens,Status,int,NULL,NO,((0))
WhatsAppMensagens,DataCriacao,datetime,NULL,NO,(getdate())
WhatsAppMensagens,DataEnvio,datetime,NULL,YES,NULL
WhatsAppMensagens,DataLeitura,datetime,NULL,YES,NULL
WhatsAppMensagens,InstanciaId,int,NULL,YES,NULL
WhatsAppMensagens,ContatoId,int,NULL,YES,NULL
WhatsAppMensagens,UsuarioId,int,NULL,YES,NULL
WhatsAppMensagens,ErroDetalhes,nvarchar,-1,YES,NULL
WhatsAppMensagens,TentativasEnvio,int,NULL,YES,((0))
WhatsAppMensagens,IdWhatsApp,nvarchar,100,YES,NULL
WhatsAppMensagens,RespostaJson,nvarchar,-1,YES,NULL
WhatsAppMensagens,UrlMidia,nvarchar,500,YES,NULL
WhatsAppMensagens,TipoMidia,nvarchar,50,YES,NULL
WhatsAppMensagens,NomeArquivo,nvarchar,255,YES,NULL
WhatsAppWebhookLogs,Id,int,NULL,NO,NULL
WhatsAppWebhookLogs,Evento,nvarchar,100,YES,NULL
WhatsAppWebhookLogs,Payload,nvarchar,-1,YES,NULL
WhatsAppWebhookLogs,DataRecebimento,datetime,NULL,NO,(getdate())
WhatsAppWebhookLogs,Processado,bit,NULL,YES,((0))
WhatsAppWebhookLogs,ErroProcessamento,nvarchar,-1,YES,NULL

(926 rows affected)
